{
    "camera_intrinsics": [
        [
            428.4577331542969,
            0.0,
            430.56488037109375
        ],
        [
            0.0,
            428.4577331542969,
            235.01272583007812
        ],
        [
            0.0,
            0.0,
            1.0
        ]
    ],
    "image_width" : 1280,
    "image_height" : 720
}